Price,Open,Close,Volume
Ticker,BRK-B,BRK-B,BRK-B
Date,,,
2021-01-04,231.72999572753906,228.4499969482422,7404900
2021-01-05,228.2100067138672,227.47000122070312,5524900
2021-01-06,229.49000549316406,230.27000427246094,9009400
2021-01-07,232.77999877929688,232.8800048828125,4691600
2021-01-08,233.5399932861328,234.02999877929688,4850400
2021-01-11,231.22000122070312,233.42999267578125,3882000
2021-01-12,233.30999755859375,233.02999877929688,5616600
2021-01-13,232.0,234.50999450683594,3827500
2021-01-14,234.7899932861328,235.02000427246094,4528700
2021-01-15,234.10000610351562,233.49000549316406,5225000
2021-01-19,234.63999938964844,234.5500030517578,5502100
2021-01-20,234.0,234.75999450683594,4876200
2021-01-21,235.22000122070312,234.16000366210938,4317300
2021-01-22,232.5,232.9199981689453,4465000
2021-01-25,231.6699981689453,233.00999450683594,5097700
2021-01-26,233.0,231.57000732421875,3944800
2021-01-27,230.0,227.36000061035156,8227100
2021-01-28,229.75999450683594,230.9499969482422,5943500
2021-01-29,229.4499969482422,227.8699951171875,6387300
2021-02-01,229.97000122070312,229.32000732421875,4068200
2021-02-02,231.2100067138672,232.24000549316406,5300300
2021-02-03,232.39999389648438,232.67999267578125,3805600
2021-02-04,232.83999633789062,235.77000427246094,4438400
2021-02-05,236.97999572753906,235.16000366210938,3812200
2021-02-08,236.0,237.4199981689453,3327300
2021-02-09,237.07000732421875,239.91000366210938,4773400
2021-02-10,241.42999267578125,239.9199981689453,3822600
2021-02-11,239.36000061035156,239.75999450683594,2908500
2021-02-12,238.07000732421875,242.4600067138672,3421800
2021-02-16,244.13999938964844,245.27999877929688,4722200
2021-02-17,244.13999938964844,245.25,3909500
2021-02-18,244.72999572753906,243.5,4031000
2021-02-19,244.1999969482422,241.85000610351562,4252400
2021-02-22,240.88999938964844,244.97000122070312,4009100
2021-02-23,245.55999755859375,245.52999877929688,5454900
2021-02-24,245.14999389648438,248.4499969482422,5105900
2021-02-25,248.07000732421875,243.69000244140625,6455200
2021-02-26,245.14999389648438,240.50999450683594,8085300
2021-03-01,246.86000061035156,249.2100067138672,6332300
2021-03-02,249.1199951171875,249.22000122070312,4684500
2021-03-03,249.72999572753906,251.5500030517578,6088300
2021-03-04,251.0800018310547,245.47999572753906,7827000
2021-03-05,248.88999938964844,253.14999389648438,6397000
2021-03-08,255.60000610351562,257.6099853515625,7124300
2021-03-09,258.54998779296875,259.0199890136719,8259300
2021-03-10,260.29998779296875,263.989990234375,8939300
2021-03-11,264.2200012207031,260.9100036621094,5917600
2021-03-12,262.3999938964844,260.0199890136719,4495400
2021-03-15,260.30999755859375,254.61000061035156,6973400
2021-03-16,254.52999877929688,251.5,67200
2021-03-17,252.02000427246094,252.0,67700
2021-03-18,253.75999450683594,252.4600067138672,5547300
2021-03-19,252.30999755859375,250.99000549316406,16635400
2021-03-22,250.60000610351562,250.36000061035156,5370400
2021-03-23,250.1999969482422,248.30999755859375,4622400
2021-03-24,249.5500030517578,249.6300048828125,4165000
2021-03-25,249.3800048828125,250.75,5500000
2021-03-26,252.75,256.7699890136719,5799100
2021-03-29,253.92999267578125,258.82000732421875,6642600
2021-03-30,259.94000244140625,258.19000244140625,3878000
2021-03-31,256.8599853515625,255.47000122070312,6578100
2021-04-01,255.74000549316406,258.20001220703125,5573400
2021-04-05,260.0199890136719,262.6600036621094,5049600
2021-04-06,262.8599853515625,263.05999755859375,3060600
2021-04-07,262.989990234375,263.6199951171875,3582700
2021-04-08,262.7200012207031,263.510009765625,3113300
2021-04-09,264.2200012207031,266.010009765625,6052500
2021-04-12,266.5299987792969,267.92999267578125,4292900
2021-04-13,267.4200134277344,267.1000061035156,3556600
2021-04-14,267.30999755859375,267.5299987792969,3119900
2021-04-15,268.05999755859375,269.1400146484375,3919200
2021-04-16,270.4700012207031,272.1099853515625,4710300
2021-04-19,272.29998779296875,270.2799987792969,4235500
2021-04-20,268.5299987792969,267.8900146484375,3740800
2021-04-21,267.79998779296875,272.2099914550781,3897100
2021-04-22,272.0400085449219,269.510009765625,3732100
2021-04-23,269.8599853515625,271.9800109863281,3684100
2021-04-26,272.2799987792969,270.8599853515625,3569100
2021-04-27,271.07000732421875,273.6499938964844,3173400
2021-04-28,273.5400085449219,272.95001220703125,3176000
2021-04-29,274.4700012207031,277.6000061035156,4540300
2021-04-30,276.2900085449219,274.95001220703125,5212400
2021-05-03,278.54998779296875,279.17999267578125,5184000
2021-05-04,278.5400085449219,280.260009765625,4465500
2021-05-05,282.5199890136719,282.760009765625,4348100
2021-05-06,284.69000244140625,289.7099914550781,5962900
2021-05-07,289.9700012207031,290.92999267578125,6099200
2021-05-10,292.3500061035156,292.3299865722656,4537800
2021-05-11,289.8399963378906,285.6300048828125,6813500
2021-05-12,285.4599914550781,282.9100036621094,5308800
2021-05-13,282.9100036621094,286.8999938964844,5244100
2021-05-14,288.6700134277344,290.67999267578125,4260600
2021-05-17,289.989990234375,289.2200012207031,3883300
2021-05-18,290.20001220703125,287.5899963378906,4356300
2021-05-19,284.1099853515625,286.2200012207031,5271300
2021-05-20,288.4100036621094,286.7300109863281,4141600
2021-05-21,287.1199951171875,287.739990234375,4230700
2021-05-24,289.1099853515625,289.7300109863281,3973300
2021-05-25,290.19000244140625,287.20001220703125,4752300
2021-05-26,289.6400146484375,287.3299865722656,4756300
2021-05-27,288.57000732421875,289.29998779296875,6602100
2021-05-28,289.67999267578125,289.44000244140625,4522500
2021-06-01,291.5199890136719,289.8399963378906,3335800
2021-06-02,290.8500061035156,290.0199890136719,3517100
2021-06-03,288.3599853515625,291.9700012207031,4099400
2021-06-04,292.9100036621094,292.5199890136719,3271100
2021-06-07,292.55999755859375,289.4599914550781,4441000
2021-06-08,289.17999267578125,289.19000244140625,5035900
2021-06-09,288.8800048828125,288.5799865722656,3501800
2021-06-10,289.8800048828125,284.9100036621094,4039200
2021-06-11,285.45001220703125,286.82000732421875,3524200
2021-06-14,286.6600036621094,283.5299987792969,6100500
2021-06-15,284.4599914550781,283.94000244140625,3758700
2021-06-16,283.7300109863281,283.1099853515625,5626800
2021-06-17,284.2900085449219,278.69000244140625,7134200
2021-06-18,276.5,274.0400085449219,12565800
2021-06-21,275.6199951171875,277.1000061035156,5482700
2021-06-22,277.57000732421875,276.9200134277344,5224700
2021-06-23,276.8900146484375,274.6600036621094,4533100
2021-06-24,275.0,275.489990234375,5453900
2021-06-25,276.3699951171875,278.3800048828125,5577100
2021-06-28,278.82000732421875,276.6099853515625,4024600
2021-06-29,276.69000244140625,276.2099914550781,4470500
2021-06-30,275.8900146484375,277.9200134277344,4474100
2021-07-01,278.20001220703125,280.1700134277344,3647200
2021-07-02,281.4100036621094,279.1199951171875,3682800
2021-07-06,278.2799987792969,277.32000732421875,4401500
2021-07-07,275.989990234375,279.239990234375,4412600
2021-07-08,276.989990234375,274.1000061035156,5370500
2021-07-09,276.0299987792969,280.489990234375,4896000
2021-07-12,279.04998779296875,280.1099853515625,4282500
2021-07-13,280.1099853515625,279.2099914550781,3136300
2021-07-14,279.07000732421875,278.30999755859375,4108000
2021-07-15,277.1300048828125,279.7200012207031,3274700
2021-07-16,280.92999267578125,277.8999938964844,3436100
2021-07-19,274.2099914550781,272.6600036621094,5231900
2021-07-20,272.6600036621094,276.8900146484375,4737000
2021-07-21,277.6400146484375,279.8800048828125,3435900
2021-07-22,278.5899963378906,277.70001220703125,2565700
2021-07-23,279.04998779296875,278.489990234375,3217500
2021-07-26,277.7799987792969,278.79998779296875,2423800
2021-07-27,278.07000732421875,280.7799987792969,3390300
2021-07-28,280.79998779296875,278.1000061035156,3794000
2021-07-29,279.2900085449219,279.760009765625,3543600
2021-07-30,280.010009765625,278.2900085449219,3607400
2021-08-02,279.30999755859375,278.1400146484375,3091200
2021-08-03,279.04998779296875,281.79998779296875,3630600
2021-08-04,280.1700134277344,278.7799987792969,3024600
2021-08-05,280.1600036621094,280.2099914550781,3584900
2021-08-06,281.82000732421875,285.6300048828125,4831900
2021-08-09,287.8599853515625,287.2300109863281,3676500
2021-08-10,287.010009765625,288.94000244140625,3134100
2021-08-11,289.45001220703125,291.2799987792969,3475100
2021-08-12,291.80999755859375,290.239990234375,3170300
2021-08-13,290.6099853515625,287.8900146484375,3115200
2021-08-16,287.0,289.45001220703125,3562300
2021-08-17,288.5299987792969,289.1000061035156,3626300
2021-08-18,289.0,286.3599853515625,3880500
2021-08-19,284.9599914550781,285.1300048828125,3393100
2021-08-20,284.9599914550781,285.2699890136719,2846100
2021-08-23,287.3800048828125,285.6199951171875,2956500
2021-08-24,286.010009765625,286.0199890136719,3185000
2021-08-25,286.20001220703125,287.29998779296875,2973300
2021-08-26,288.1600036621094,285.2699890136719,3340300
2021-08-27,285.6199951171875,286.6000061035156,3484400
2021-08-30,286.29998779296875,285.6600036621094,3505200
2021-08-31,285.2799987792969,285.7699890136719,6497800
2021-09-01,286.5899963378906,285.260009765625,3323200
2021-09-02,285.3500061035156,285.04998779296875,3969800
2021-09-03,284.29998779296875,281.8900146484375,4495100
2021-09-07,281.9100036621094,278.8999938964844,4863900
2021-09-08,278.17999267578125,279.3399963378906,4646800
2021-09-09,278.9100036621094,278.6099853515625,3683700
2021-09-10,279.9700012207031,277.6000061035156,4552300
2021-09-13,278.3599853515625,279.9200134277344,4601900
2021-09-14,280.5400085449219,277.20001220703125,5283200
2021-09-15,277.6000061035156,278.17999267578125,3883500
2021-09-16,278.9599914550781,277.510009765625,4210000
2021-09-17,277.6400146484375,276.760009765625,15863300
2021-09-20,273.04998779296875,274.20001220703125,7644000
2021-09-21,276.0299987792969,273.17999267578125,4648400
2021-09-22,276.2799987792969,274.07000732421875,5018400
2021-09-23,275.1499938964844,278.1199951171875,4731600
2021-09-24,278.29998779296875,277.8699951171875,3106100
2021-09-27,279.7699890136719,279.7200012207031,3358400
2021-09-28,279.1400146484375,276.7900085449219,4959500
2021-09-29,277.0299987792969,277.2900085449219,2952000
2021-09-30,278.3699951171875,272.94000244140625,5187900
2021-10-01,273.0199890136719,275.7099914550781,3950700
2021-10-04,274.67999267578125,273.6400146484375,4307000
2021-10-05,273.8599853515625,278.04998779296875,5069400
2021-10-06,276.2799987792969,280.2200012207031,3866100
2021-10-07,282.1400146484375,282.95001220703125,3794200
2021-10-08,282.5899963378906,284.1400146484375,2299900
2021-10-11,284.42999267578125,280.92999267578125,2907900
2021-10-12,281.4599914550781,278.6199951171875,3770800
2021-10-13,278.4700012207031,277.8999938964844,3311400
2021-10-14,280.80999755859375,281.6400146484375,3646400
2021-10-15,283.94000244140625,284.2099914550781,4313700
2021-10-18,282.8299865722656,282.5899963378906,3551500
2021-10-19,283.6000061035156,284.8299865722656,2682700
2021-10-20,284.3399963378906,287.489990234375,3147600
2021-10-21,286.989990234375,286.82000732421875,2488800
2021-10-22,287.6600036621094,289.239990234375,3406500
2021-10-25,289.70001220703125,290.260009765625,3142900
2021-10-26,290.6499938964844,290.8500061035156,3872300
2021-10-27,290.8500061035156,287.7799987792969,3691500
2021-10-28,288.2099914550781,289.7200012207031,3300100
2021-10-29,288.80999755859375,287.010009765625,4420300
2021-11-01,288.04998779296875,286.239990234375,2889500
2021-11-02,286.6099853515625,287.92999267578125,3838300
2021-11-03,287.2099914550781,288.7200012207031,2773100
2021-11-04,289.1300048828125,287.69000244140625,3426300
2021-11-05,288.8299865722656,287.8800048828125,3581100
2021-11-08,290.0,288.79998779296875,4721000
2021-11-09,288.7900085449219,286.3500061035156,3587200
2021-11-10,286.489990234375,285.32000732421875,3421700
2021-11-11,286.5,284.6499938964844,2861000
2021-11-12,284.8800048828125,285.989990234375,2917000
2021-11-15,286.6000061035156,284.6700134277344,3217300
2021-11-16,284.4700012207031,283.3599853515625,4204200
2021-11-17,283.1199951171875,281.5899963378906,3740800
2021-11-18,281.1000061035156,280.6300048828125,3338000
2021-11-19,280.9599914550781,279.989990234375,4529200
2021-11-22,280.7300109863281,284.9700012207031,5036000
2021-11-23,285.1499938964844,288.55999755859375,4490100
2021-11-24,287.44000244140625,287.2799987792969,4924100
2021-11-26,280.2799987792969,283.0899963378906,4440700
2021-11-29,284.0,282.1199951171875,5390900
2021-11-30,279.94000244140625,276.69000244140625,9925300
2021-12-01,279.5400085449219,275.0,5165100
2021-12-02,276.67999267578125,279.0899963378906,4924800
2021-12-03,278.7099914550781,277.42999267578125,5925000
2021-12-06,278.7300109863281,281.3800048828125,5524200
2021-12-07,282.4200134277344,284.9700012207031,5766000
2021-12-08,284.9700012207031,283.7200012207031,3255700
2021-12-09,283.7699890136719,284.5199890136719,3445500
2021-12-10,285.489990234375,288.2300109863281,4109800
2021-12-13,288.5,290.010009765625,4887500
2021-12-14,289.6700134277344,295.0299987792969,5992200
2021-12-15,295.82000732421875,294.5799865722656,5598200
2021-12-16,296.8800048828125,300.1700134277344,6538100
2021-12-17,297.8500061035156,293.6600036621094,12719500
2021-12-20,290.7699890136719,289.6099853515625,5456200
2021-12-21,292.1400146484375,293.239990234375,3929100
2021-12-22,292.8599853515625,294.4100036621094,2445600
2021-12-23,295.2200012207031,294.489990234375,2898200
2021-12-27,295.25,296.6700134277344,2807200
2021-12-28,296.9599914550781,298.2900085449219,2572900
2021-12-29,299.2300109863281,299.4599914550781,2687300
2021-12-30,300.8800048828125,299.9800109863281,2300000
2021-12-31,299.94000244140625,299.0,2932200
2022-01-03,300.1000061035156,300.7900085449219,3570300
2022-01-04,301.6499938964844,308.5299987792969,6003300
2022-01-05,309.8699951171875,309.9200134277344,6888300
2022-01-06,312.9800109863281,313.2200012207031,5137200
2022-01-07,315.55999755859375,319.7799987792969,5618300
2022-01-10,321.3999938964844,318.92999267578125,5812300
2022-01-11,318.6099853515625,319.79998779296875,4247900
2022-01-12,320.6199951171875,320.3900146484375,3580400
2022-01-13,321.0,321.260009765625,4277900
2022-01-14,318.8699951171875,324.1300048828125,4913700
2022-01-18,322.2200012207031,320.2900085449219,5764200
2022-01-19,321.3500061035156,314.75,6086400
2022-01-20,315.5799865722656,311.010009765625,4402300
2022-01-21,309.989990234375,305.2200012207031,6535400
2022-01-24,299.70001220703125,303.7300109863281,8504200
2022-01-25,301.8699951171875,307.19000244140625,6435400
2022-01-26,310.3999938964844,309.260009765625,6119400
2022-01-27,311.70001220703125,307.6700134277344,5053200
2022-01-28,307.67999267578125,312.8999938964844,5238200
2022-01-31,312.0,313.0199890136719,5237600
2022-02-01,312.6400146484375,313.9599914550781,4347200
2022-02-02,313.57000732421875,319.6000061035156,4632200
2022-02-03,319.3299865722656,315.2300109863281,4151500
2022-02-04,315.8699951171875,314.989990234375,3654700
2022-02-07,314.9100036621094,316.510009765625,3129100
2022-02-08,318.2699890136719,321.44000244140625,6237800
2022-02-09,323.79998779296875,322.3800048828125,3995900
2022-02-10,320.989990234375,319.8500061035156,7079700
2022-02-11,320.010009765625,319.1400146484375,7493400
2022-02-14,319.6099853515625,314.2799987792969,8129100
2022-02-15,316.6400146484375,316.20001220703125,3681400
2022-02-16,315.0,315.6499938964844,3974100
2022-02-17,314.9800109863281,313.54998779296875,3632400
2022-02-18,313.8299865722656,314.79998779296875,4224500
2022-02-22,313.44000244140625,314.1600036621094,5102000
2022-02-23,316.0799865722656,309.989990234375,5030600
2022-02-24,301.7799987792969,308.2799987792969,8834700
2022-02-25,311.1600036621094,319.239990234375,7484400
2022-02-28,317.3500061035156,321.45001220703125,7981000
2022-03-01,320.260009765625,316.8399963378906,6441400
2022-03-02,319.4800109863281,323.6400146484375,4506100
2022-03-03,326.6300048828125,327.739990234375,4594300
2022-03-04,322.6600036621094,325.3399963378906,4901900
2022-03-07,325.67999267578125,322.7200012207031,5875800
2022-03-08,325.29998779296875,318.5199890136719,7905000
2022-03-09,326.5899963378906,325.3999938964844,5874500
2022-03-10,322.489990234375,325.29998779296875,3843600
2022-03-11,326.5299987792969,326.6000061035156,5135700
2022-03-14,328.6499938964844,329.9800109863281,5967200
2022-03-15,332.70001220703125,332.54998779296875,6928300
2022-03-16,335.1099853515625,336.1099853515625,5925800
2022-03-17,337.0,344.9700012207031,7219800
2022-03-18,344.1199951171875,342.4100036621094,8881500
2022-03-21,344.989990234375,349.6600036621094,6298300
2022-03-22,351.010009765625,349.92999267578125,5772700
2022-03-23,349.1300048828125,348.1600036621094,5642400
2022-03-24,351.5,352.3699951171875,3946300
2022-03-25,353.8999938964844,358.760009765625,4583000
2022-03-28,360.5899963378906,359.57000732421875,4172900
2022-03-29,361.3900146484375,355.1199951171875,5004800
2022-03-30,354.6600036621094,357.6099853515625,3911200
2022-03-31,359.0,352.9100036621094,6065400
2022-04-01,353.6499938964844,351.8800048828125,4123800
2022-04-04,352.0,345.42999267578125,5090000
2022-04-05,345.7699890136719,344.79998779296875,4244700
2022-04-06,341.1700134277344,344.7099914550781,4547400
2022-04-07,346.2200012207031,346.510009765625,3815700
2022-04-08,348.92999267578125,353.1000061035156,4490500
2022-04-11,352.9800109863281,352.0199890136719,3128900
2022-04-12,352.260009765625,349.739990234375,3548800
2022-04-13,349.4599914550781,346.2200012207031,3434200
2022-04-14,346.1600036621094,344.3299865722656,3283500
2022-04-18,344.45001220703125,346.6499938964844,2517100
2022-04-19,347.0,348.5,3392000
2022-04-20,350.0,348.82000732421875,3711200
2022-04-21,350.8599853515625,343.6000061035156,4032100
2022-04-22,342.94000244140625,335.55999755859375,4966500
2022-04-25,332.29998779296875,336.95001220703125,5695100
2022-04-26,333.5299987792969,330.6499938964844,4588900
2022-04-27,330.6000061035156,329.5799865722656,3726700
2022-04-28,331.5299987792969,331.2699890136719,3845800
2022-04-29,330.19000244140625,322.8299865722656,5685200
2022-05-02,324.1099853515625,318.19000244140625,6797200
2022-05-03,319.4200134277344,318.989990234375,3874700
2022-05-04,319.1000061035156,326.79998779296875,4269600
2022-05-05,325.8500061035156,318.67999267578125,5257600
2022-05-06,317.989990234375,318.8800048828125,4198800
2022-05-09,315.3500061035156,312.9599914550781,4874400
2022-05-10,315.9599914550781,312.5299987792969,4798400
2022-05-11,313.1700134277344,311.5400085449219,4250700
2022-05-12,307.95001220703125,308.05999755859375,5679800
2022-05-13,311.25,310.3599853515625,3767500
2022-05-16,310.2799987792969,309.2900085449219,3697600
2022-05-17,315.2099914550781,314.6000061035156,4154200
2022-05-18,312.94000244140625,306.6400146484375,4417900
2022-05-19,303.92999267578125,304.1499938964844,4730100
2022-05-20,307.04998779296875,304.04998779296875,5517600
2022-05-23,307.3800048828125,310.20001220703125,4142100
2022-05-24,309.3900146484375,309.1700134277344,3657600
2022-05-25,308.5899963378906,308.6400146484375,3704800
2022-05-26,311.2699890136719,312.5,4472000
2022-05-27,314.7300109863281,319.1099853515625,4280100
2022-05-31,318.9800109863281,315.9800109863281,5675800
2022-06-01,316.0,312.2099914550781,3795700
2022-06-02,312.6499938964844,314.95001220703125,3119300
2022-06-03,312.5,310.94000244140625,2587500
2022-06-06,313.3800048828125,312.1499938964844,2980900
2022-06-07,310.5799865722656,313.6499938964844,2550700
2022-06-08,312.1600036621094,308.739990234375,2877400
2022-06-09,308.1000061035156,300.79998779296875,3217400
2022-06-10,296.0799865722656,291.7099914550781,5882600
2022-06-13,285.42999267578125,281.55999755859375,7109100
2022-06-14,282.0899963378906,277.6400146484375,5838100
2022-06-15,281.1600036621094,278.92999267578125,5821200
2022-06-16,273.3900146484375,268.55999755859375,7199200
2022-06-17,268.3900146484375,268.0799865722656,11562000
2022-06-21,273.8500061035156,271.7699890136719,4906700
2022-06-22,267.3800048828125,269.7900085449219,4220700
2022-06-23,269.8500061035156,267.5199890136719,4727400
2022-06-24,268.9700012207031,278.2799987792969,6451900
2022-06-27,280.5299987792969,278.3999938964844,4134800
2022-06-28,280.510009765625,273.8599853515625,3868000
2022-06-29,274.95001220703125,273.489990234375,2995900
2022-06-30,270.510009765625,273.0199890136719,4623500
2022-07-01,272.5,277.5,3667300
2022-07-05,274.20001220703125,275.69000244140625,3676900
2022-07-06,274.8399963378906,275.6499938964844,3033900
2022-07-07,277.5,279.2799987792969,3949700
2022-07-08,279.7900085449219,280.8299865722656,2983400
2022-07-11,279.3800048828125,278.510009765625,2864400
2022-07-12,277.57000732421875,277.2799987792969,3033000
2022-07-13,275.3699951171875,277.4700012207031,4197400
2022-07-14,273.0,274.4100036621094,3888500
2022-07-15,277.5299987792969,278.4800109863281,4547400
2022-07-18,281.5,276.260009765625,3273800
2022-07-19,279.0,283.54998779296875,3590200
2022-07-20,284.6400146484375,286.0400085449219,3877200
2022-07-21,287.0,286.8500061035156,3699000
2022-07-22,288.1000061035156,285.92999267578125,2876100
2022-07-25,287.2099914550781,287.989990234375,3136300
2022-07-26,287.7900085449219,285.30999755859375,2512200
2022-07-27,287.6700134277344,290.29998779296875,3613200
2022-07-28,291.17999267578125,293.8999938964844,3986900
2022-07-29,297.4200134277344,300.6000061035156,6976200
2022-08-01,299.70001220703125,295.8599853515625,4192700
2022-08-02,294.8699951171875,292.1700134277344,3166500
2022-08-03,295.04998779296875,294.9599914550781,4061400
2022-08-04,294.7300109863281,292.9100036621094,3946200
2022-08-05,291.8699951171875,292.07000732421875,3395400
2022-08-08,294.8699951171875,292.3399963378906,3965600
2022-08-09,293.3500061035156,292.7699890136719,3872100
2022-08-10,296.4800109863281,295.1099853515625,3705700
2022-08-11,298.0,296.4700012207031,3144800
2022-08-12,297.8999938964844,301.54998779296875,3231300
2022-08-15,298.6400146484375,302.82000732421875,2927200
2022-08-16,304.989990234375,306.6499938964844,3342600
2022-08-17,305.2200012207031,304.260009765625,2962600
2022-08-18,304.44000244140625,304.2699890136719,2783100
2022-08-19,302.95001220703125,297.2799987792969,4613100
2022-08-22,294.0,288.69000244140625,4713900
2022-08-23,288.8500061035156,289.6499938964844,2592100
2022-08-24,290.0,293.5199890136719,3266100
2022-08-25,293.7099914550781,298.1300048828125,3463700
2022-08-26,299.4100036621094,289.9599914550781,5277200
2022-08-29,288.3999938964844,287.45001220703125,3098300
2022-08-30,288.7200012207031,285.4200134277344,3213700
2022-08-31,287.25,280.79998779296875,4999600
2022-09-01,279.95001220703125,282.42999267578125,3765000
2022-09-02,284.8399963378906,277.6700134277344,3793600
2022-09-06,278.010009765625,276.5899963378906,4362900
2022-09-07,275.739990234375,281.0400085449219,3509900
2022-09-08,278.5799865722656,283.3399963378906,3542300
2022-09-09,284.5400085449219,285.7699890136719,3125100
2022-09-12,286.70001220703125,288.510009765625,3407900
2022-09-13,283.989990234375,278.2900085449219,4582700
2022-09-14,279.0,278.4200134277344,3718400
2022-09-15,278.69000244140625,276.70001220703125,3274500
2022-09-16,275.3500061035156,274.80999755859375,7288900
2022-09-19,272.7900085449219,278.95001220703125,3291500
2022-09-20,277.1700134277344,277.1300048828125,3275600
2022-09-21,278.8999938964844,270.739990234375,3941800
2022-09-22,271.0299987792969,268.510009765625,4120900
2022-09-23,266.010009765625,267.7699890136719,5175100
2022-09-26,265.82000732421875,264.32000732421875,4929300
2022-09-27,266.989990234375,265.4700012207031,5767700
2022-09-28,265.6499938964844,271.7799987792969,5941800
2022-09-29,269.8900146484375,269.5799865722656,5210700
2022-09-30,269.2099914550781,267.0199890136719,6057500
2022-10-03,269.5199890136719,272.79998779296875,4901000
2022-10-04,277.4200134277344,280.489990234375,4633700
2022-10-05,276.8699951171875,279.3599853515625,3350400
2022-10-06,278.20001220703125,276.30999755859375,3394000
2022-10-07,274.44000244140625,269.0400085449219,4270200
2022-10-10,269.8900146484375,266.92999267578125,3106500
2022-10-11,266.1000061035156,267.30999755859375,3442000
2022-10-12,267.30999755859375,264.0,3342400
2022-10-13,260.5799865722656,275.7799987792969,5483400
2022-10-14,277.5899963378906,272.6700134277344,4292300
2022-10-17,276.4800109863281,277.0199890136719,4452100
2022-10-18,282.739990234375,281.6700134277344,4292700
2022-10-19,280.3299865722656,278.3399963378906,3213700
2022-10-20,278.07000732421875,273.5299987792969,3916600
2022-10-21,273.760009765625,282.510009765625,4995400
2022-10-24,284.1000061035156,287.4800109863281,3860000
2022-10-25,288.7699890136719,289.239990234375,3171000
2022-10-26,289.75,288.5199890136719,3294100
2022-10-27,290.30999755859375,289.8800048828125,4273800
2022-10-28,292.7699890136719,299.6300048828125,4627600
2022-10-31,297.9800109863281,295.0899963378906,4626400
2022-11-01,298.45001220703125,294.1300048828125,3837000
2022-11-02,293.0400085449219,289.4599914550781,4269000
2022-11-03,286.0199890136719,283.8500061035156,3122900
2022-11-04,286.7699890136719,287.4700012207031,3925300
2022-11-07,290.9200134277344,290.19000244140625,3522000
2022-11-08,291.1099853515625,292.6099853515625,3562200
2022-11-09,291.9800109863281,288.6499938964844,2759300
2022-11-10,297.1099853515625,303.20001220703125,5693100
2022-11-11,305.55999755859375,309.7200012207031,6570200
2022-11-14,310.0,308.9100036621094,4637600
2022-11-15,313.6700134277344,309.9800109863281,4372400
2022-11-16,310.92999267578125,308.760009765625,2970600
2022-11-17,305.70001220703125,307.44000244140625,3062200
2022-11-18,310.54998779296875,310.760009765625,3395500
2022-11-21,310.80999755859375,311.20001220703125,2862000
2022-11-22,313.0,315.760009765625,3172000
2022-11-23,315.3900146484375,316.17999267578125,2684900
2022-11-25,317.5199890136719,317.42999267578125,1844900
2022-11-28,316.25,313.2699890136719,4230700
2022-11-29,311.8900146484375,315.1300048828125,3740100
2022-11-30,315.1300048828125,318.6000061035156,7919700
2022-12-01,319.0,315.8399963378906,4351600
2022-12-02,313.489990234375,316.1499938964844,3025700
2022-12-05,315.2200012207031,310.57000732421875,3835800
2022-12-06,309.95001220703125,307.7799987792969,3877400
2022-12-07,307.07000732421875,305.82000732421875,4130800
2022-12-08,306.0,305.989990234375,2351700
2022-12-09,305.32000732421875,306.3900146484375,3326000
2022-12-12,307.54998779296875,311.45001220703125,4366700
2022-12-13,318.3999938964844,312.3299865722656,5042800
2022-12-14,312.739990234375,309.2900085449219,4056900
2022-12-15,306.42999267578125,301.9100036621094,5103900
2022-12-16,299.04998779296875,300.0,8305700
2022-12-19,300.510009765625,300.0299987792969,3842200
2022-12-20,300.0899963378906,302.0,3090700
2022-12-21,304.3800048828125,307.82000732421875,3264600
2022-12-22,306.1000061035156,302.69000244140625,3560100
2022-12-23,302.8800048828125,306.489990234375,2460400
2022-12-27,306.45001220703125,305.54998779296875,2730900
2022-12-28,304.7699890136719,303.42999267578125,2628200
2022-12-29,305.94000244140625,309.05999755859375,2846200
2022-12-30,306.95001220703125,308.8999938964844,3298300
2023-01-03,310.07000732421875,309.9100036621094,3549900
2023-01-04,312.0,314.54998779296875,5121200
2023-01-05,313.57000732421875,312.8999938964844,3416300
2023-01-06,315.0,318.69000244140625,3647900
2023-01-09,319.0199890136719,315.5299987792969,4397400
2023-01-10,315.0,316.3500061035156,3049100
2023-01-11,318.5199890136719,320.3699951171875,2999500
2023-01-12,321.1499938964844,318.92999267578125,3070300
2023-01-13,317.489990234375,317.6400146484375,2773000
2023-01-17,318.3999938964844,314.8599853515625,3478900
2023-01-18,315.0,308.29998779296875,3406000
2023-01-19,306.1199951171875,305.2300109863281,3614600
2023-01-20,305.2099914550781,309.8699951171875,3770100
2023-01-23,309.6300048828125,310.4200134277344,3086700
2023-01-24,309.29998779296875,311.29998779296875,2234300
2023-01-25,308.3299865722656,311.8999938964844,2299800
2023-01-26,312.989990234375,310.95001220703125,2856600
2023-01-27,309.7900085449219,309.1700134277344,3031200
2023-01-30,307.6000061035156,307.3299865722656,3474600
2023-01-31,307.739990234375,311.5199890136719,3653400
2023-02-01,309.6300048828125,310.57000732421875,3518300
2023-02-02,312.3500061035156,311.8599853515625,4421400
2023-02-03,311.0,308.510009765625,5385700
2023-02-06,308.25,308.42999267578125,2973100
2023-02-07,307.29998779296875,312.9700012207031,3786700
2023-02-08,311.1199951171875,308.4800109863281,3370000
2023-02-09,310.1700134277344,307.2099914550781,3461200
2023-02-10,307.0799865722656,309.8900146484375,2808000
2023-02-13,310.29998779296875,313.739990234375,3261500
2023-02-14,313.7799987792969,310.7900085449219,2907100
2023-02-15,309.9800109863281,309.6300048828125,2410700
2023-02-16,307.5799865722656,308.17999267578125,2801700
2023-02-17,307.1499938964844,308.239990234375,2720500
2023-02-21,306.1700134277344,302.7200012207031,4131100
2023-02-22,303.20001220703125,303.1600036621094,2899500
2023-02-23,305.010009765625,303.07000732421875,2736400
2023-02-24,300.3999938964844,304.0199890136719,3656200
2023-02-27,304.3699951171875,304.6600036621094,3652200
2023-02-28,304.8900146484375,305.17999267578125,4736800
2023-03-01,304.0199890136719,304.6199951171875,3397200
2023-03-02,303.6600036621094,307.75,3152100
2023-03-03,309.55999755859375,312.45001220703125,4493000
2023-03-06,312.82000732421875,316.9700012207031,4889800
2023-03-07,316.3900146484375,311.1199951171875,3609700
2023-03-08,310.7200012207031,311.3699951171875,2701600
2023-03-09,311.0,304.82000732421875,3929500
2023-03-10,302.95001220703125,303.6300048828125,5294800
2023-03-13,301.75,302.8800048828125,4993000
2023-03-14,306.9200134277344,305.3299865722656,5251500
2023-03-15,300.0199890136719,297.8800048828125,7162800
2023-03-16,296.3699951171875,302.010009765625,6325700
2023-03-17,301.29998779296875,293.510009765625,15609400
2023-03-20,295.57000732421875,301.05999755859375,6056000
2023-03-21,304.55999755859375,303.8500061035156,4724000
2023-03-22,303.7200012207031,299.7300109863281,3086300
2023-03-23,301.3900146484375,298.3699951171875,4015800
2023-03-24,294.67999267578125,298.9200134277344,3905400
2023-03-27,300.8800048828125,302.1400146484375,3833900
2023-03-28,301.92999267578125,302.32000732421875,2436500
2023-03-29,304.79998779296875,305.29998779296875,2650000
2023-03-30,307.0899963378906,305.0799865722656,2694000
2023-03-31,305.8999938964844,308.7699890136719,5020200
2023-04-03,309.25,310.30999755859375,4862300
2023-04-04,310.760009765625,309.07000732421875,2740300
2023-04-05,307.8500061035156,310.3900146484375,2314500
2023-04-06,309.82000732421875,312.510009765625,3131400
2023-04-10,311.4100036621094,312.6199951171875,2330900
2023-04-11,312.55999755859375,313.70001220703125,3109500
2023-04-12,315.9700012207031,314.54998779296875,2662600
2023-04-13,315.2699890136719,318.04998779296875,3323300
2023-04-14,318.8900146484375,319.739990234375,2975400
2023-04-17,320.20001220703125,323.7900085449219,3425500
2023-04-18,324.95001220703125,324.6300048828125,3581200
2023-04-19,323.8500061035156,323.0899963378906,2406200
2023-04-20,322.20001220703125,323.82000732421875,2428400
2023-04-21,322.3599853515625,324.3299865722656,2405700
2023-04-24,324.42999267578125,326.04998779296875,2261900
2023-04-25,325.989990234375,324.3399963378906,2552200
2023-04-26,323.30999755859375,320.5299987792969,2718600
2023-04-27,322.8599853515625,326.2300109863281,2950000
2023-04-28,325.44000244140625,328.54998779296875,2909600
2023-05-01,329.1600036621094,330.1700134277344,2461300
2023-05-02,330.1499938964844,325.8599853515625,3366500
2023-05-03,327.1300048828125,323.2200012207031,2653800
2023-05-04,323.44000244140625,320.0,3185600
2023-05-05,323.3599853515625,323.8800048828125,3869500
2023-05-08,328.260009765625,326.1400146484375,3302400
2023-05-09,324.8699951171875,324.8699951171875,2283400
2023-05-10,326.0799865722656,322.989990234375,2639800
2023-05-11,321.0,322.6400146484375,2548900
2023-05-12,323.82000732421875,322.489990234375,1937300
2023-05-15,322.8900146484375,323.5299987792969,2190000
2023-05-16,322.4599914550781,323.75,2139500
2023-05-17,325.0199890136719,327.3900146484375,3046800
2023-05-18,326.8699951171875,329.760009765625,2805000
2023-05-19,331.0,330.3900146484375,4322900
2023-05-22,330.75,329.1300048828125,2762500
2023-05-23,328.19000244140625,323.1099853515625,4029300
2023-05-24,322.7099914550781,320.20001220703125,3071500
2023-05-25,320.55999755859375,319.0199890136719,4245400
2023-05-26,320.44000244140625,320.6000061035156,3229400
2023-05-30,321.8599853515625,322.19000244140625,3231800
2023-05-31,321.1199951171875,321.0799865722656,6175000
2023-06-01,321.4200134277344,323.1199951171875,3375300
2023-06-02,325.1600036621094,329.4800109863281,3962200
2023-06-05,330.8900146484375,328.5799865722656,3091800
2023-06-06,329.0400085449219,333.4100036621094,3181400
2023-06-07,334.010009765625,335.4200134277344,3727800
2023-06-08,335.489990234375,335.95001220703125,2759300
2023-06-09,335.760009765625,335.2900085449219,2619200
2023-06-12,335.1600036621094,333.6000061035156,2873400
2023-06-13,333.2200012207031,336.3900146484375,2953000
2023-06-14,337.2200012207031,335.8999938964844,5164600
2023-06-15,335.9700012207031,339.82000732421875,4095200
2023-06-16,341.0199890136719,338.30999755859375,8486200
2023-06-20,338.1499938964844,338.6700134277344,3751700
2023-06-21,337.29998779296875,338.6099853515625,4507000
2023-06-22,338.8399963378906,336.9599914550781,3303300
2023-06-23,335.1000061035156,335.25,4451700
2023-06-26,335.1700134277344,334.1199951171875,3220900
2023-06-27,334.3900146484375,335.3399963378906,2625600
2023-06-28,336.04998779296875,334.1499938964844,3175100
2023-06-29,334.260009765625,336.9100036621094,2498900
2023-06-30,338.7799987792969,341.0,4520600
2023-07-03,340.75,342.0,2047400
2023-07-05,340.04998779296875,341.55999755859375,2870700
2023-07-06,339.75,341.4599914550781,2548300
2023-07-07,340.5199890136719,340.8999938964844,2940800
2023-07-10,340.4800109863281,341.1300048828125,2966500
2023-07-11,341.2300109863281,343.3699951171875,2754900
2023-07-12,345.2900085449219,345.3500061035156,2897100
2023-07-13,345.6000061035156,343.5400085449219,2831800
2023-07-14,344.989990234375,341.0899963378906,2669300
2023-07-17,341.0899963378906,344.25,2359500
2023-07-18,344.04998779296875,345.3399963378906,2565300
2023-07-19,344.2099914550781,342.42999267578125,3032100
2023-07-20,343.0899963378906,346.6099853515625,3146000
2023-07-21,346.760009765625,345.760009765625,3301900
2023-07-24,346.7699890136719,349.6300048828125,3269400
2023-07-25,349.32000732421875,347.5799865722656,3014000
2023-07-26,347.55999755859375,349.79998779296875,2682900
2023-07-27,350.69000244140625,349.30999755859375,2706700
2023-07-28,349.92999267578125,349.80999755859375,2473300
2023-07-31,350.7300109863281,351.9599914550781,2621600
2023-08-01,352.0299987792969,352.260009765625,2293300
2023-08-02,351.45001220703125,351.19000244140625,3085900
2023-08-03,350.2900085449219,353.80999755859375,2942000
2023-08-04,353.989990234375,349.989990234375,2842000
2023-08-07,355.7300109863281,362.5799865722656,5379900
2023-08-08,359.4200134277344,363.7300109863281,3428800
2023-08-09,364.20001220703125,358.0199890136719,4424600
2023-08-10,359.3599853515625,356.9800109863281,3098800
2023-08-11,356.260009765625,358.3500061035156,2475200
2023-08-14,358.25,358.4800109863281,1990700
2023-08-15,357.0,354.5,2863700
2023-08-16,354.6000061035156,354.1099853515625,2196100
2023-08-17,354.010009765625,353.19000244140625,2847700
2023-08-18,351.4700012207031,352.55999755859375,2870600
2023-08-21,354.0899963378906,352.0899963378906,2540000
2023-08-22,353.010009765625,350.57000732421875,2363300
2023-08-23,351.6300048828125,354.260009765625,2239500
2023-08-24,354.3500061035156,354.29998779296875,2521100
2023-08-25,354.989990234375,355.92999267578125,2136800
2023-08-28,357.8900146484375,355.54998779296875,1728000
2023-08-29,355.0400085449219,358.2900085449219,2285600
2023-08-30,358.6300048828125,361.05999755859375,3058300
2023-08-31,362.17999267578125,360.20001220703125,2842300
2023-09-01,362.0,362.4599914550781,2637900
2023-09-05,363.8800048828125,360.4700012207031,2976800
2023-09-06,360.0199890136719,361.6700134277344,2655800
2023-09-07,360.9599914550781,361.79998779296875,3263800
2023-09-08,362.5199890136719,363.1499938964844,3019100
2023-09-11,364.8699951171875,365.5199890136719,2921600
2023-09-12,365.6499938964844,367.7799987792969,2898400
2023-09-13,369.3299865722656,367.82000732421875,3261400
2023-09-14,370.1000061035156,369.5,3670100
2023-09-15,368.5199890136719,367.8599853515625,11595000
2023-09-18,369.3299865722656,370.42999267578125,3130900
2023-09-19,371.6400146484375,370.4800109863281,2603700
2023-09-20,371.3299865722656,366.82000732421875,2268400
2023-09-21,366.55999755859375,363.2799987792969,3178600
2023-09-22,362.7799987792969,360.1600036621094,3969400
2023-09-25,359.010009765625,361.7099914550781,2556200
2023-09-26,359.79998779296875,359.4200134277344,3063900
2023-09-27,360.010009765625,357.7799987792969,3535400
2023-09-28,357.79998779296875,357.05999755859375,2731700
2023-09-29,357.29998779296875,350.29998779296875,4932900
2023-10-02,349.6400146484375,348.0799865722656,3527600
2023-10-03,347.3900146484375,343.0400085449219,3151700
2023-10-04,342.9200134277344,343.69000244140625,3244600
2023-10-05,343.70001220703125,345.05999755859375,3027300
2023-10-06,344.1000061035156,346.3399963378906,3174700
2023-10-09,344.239990234375,345.45001220703125,2762800
2023-10-10,347.0,348.55999755859375,2858600
2023-10-11,349.3800048828125,348.42999267578125,2620800
2023-10-12,348.2099914550781,345.6600036621094,2677500
2023-10-13,346.0,345.0899963378906,2804800
2023-10-16,348.0,346.2300109863281,3117800
2023-10-17,346.17999267578125,345.3900146484375,2998600
2023-10-18,344.7200012207031,340.8900146484375,2977100
2023-10-19,340.30999755859375,338.6600036621094,2741300
2023-10-20,338.1499938964844,335.8599853515625,3466100
2023-10-23,334.07000732421875,336.8399963378906,2794200
2023-10-24,338.17999267578125,338.6300048828125,2355700
2023-10-25,338.5899963378906,336.8999938964844,2623200
2023-10-26,337.07000732421875,336.1600036621094,2685400
2023-10-27,336.1199951171875,331.7099914550781,3608200
2023-10-30,332.9599914550781,337.4100036621094,2634700
2023-10-31,337.95001220703125,341.3299865722656,3066900
2023-11-01,341.2099914550781,343.75,2789700
2023-11-02,346.3900146484375,349.0199890136719,3433700
2023-11-03,350.1700134277344,351.80999755859375,4409100
2023-11-06,354.0299987792969,346.6300048828125,5486200
2023-11-07,346.80999755859375,346.1700134277344,3062900
2023-11-08,346.8500061035156,346.29998779296875,2602400
2023-11-09,347.6400146484375,348.17999267578125,3052100
2023-11-10,349.6000061035156,350.55999755859375,3701100
2023-11-13,350.0899963378906,350.010009765625,2196200
2023-11-14,352.5199890136719,354.25,3387500
2023-11-15,355.0199890136719,356.7900085449219,3572900
2023-11-16,357.7900085449219,359.8599853515625,2822500
2023-11-17,360.4700012207031,358.92999267578125,3260000
2023-11-20,359.3500061035156,361.3299865722656,3215300
2023-11-21,360.5799865722656,361.0,2918800
2023-11-22,361.760009765625,361.79998779296875,2110200
2023-11-24,362.510009765625,362.67999267578125,1282000
2023-11-27,362.6400146484375,361.3399963378906,2580300
2023-11-28,361.54998779296875,360.04998779296875,2953500
2023-11-29,360.95001220703125,358.69000244140625,3141100
2023-11-30,359.45001220703125,360.0,4606800
2023-12-01,359.94000244140625,357.07000732421875,4705700
2023-12-04,355.9100036621094,356.6600036621094,3053400
2023-12-05,355.2300109863281,355.0299987792969,3061200
2023-12-06,356.1499938964844,352.3800048828125,3039100
2023-12-07,352.0,352.70001220703125,2830000
2023-12-08,353.0,353.0799865722656,3289000
2023-12-11,355.0,357.05999755859375,3108400
2023-12-12,357.8999938964844,360.0199890136719,3188800
2023-12-13,360.19000244140625,362.0299987792969,3132700
2023-12-14,364.04998779296875,358.1199951171875,5512300
2023-12-15,357.6300048828125,356.5,8578200
2023-12-18,357.4200134277344,359.6499938964844,4526400
2023-12-19,360.1499938964844,361.79998779296875,3084600
2023-12-20,361.5199890136719,355.3500061035156,3926700
2023-12-21,356.0199890136719,356.1400146484375,2851200
2023-12-22,356.5,356.4700012207031,2332200
2023-12-26,356.8999938964844,356.8299865722656,1964400
2023-12-27,355.92999267578125,356.95001220703125,2478500
2023-12-28,357.4800109863281,357.57000732421875,2740600
2023-12-29,357.55999755859375,356.6600036621094,3269400
2024-01-02,356.32000732421875,362.4599914550781,4737000
2024-01-03,362.0799865722656,366.75,4321800
2024-01-04,367.4100036621094,363.67999267578125,4142800
2024-01-05,364.8299865722656,365.5899963378906,2965200
2024-01-08,366.010009765625,368.17999267578125,3445700
2024-01-09,368.0,366.8999938964844,2998800
2024-01-10,366.260009765625,367.9200134277344,2448100
2024-01-11,367.80999755859375,363.3399963378906,3577800
2024-01-12,366.510009765625,363.6199951171875,2623100
2024-01-16,362.94000244140625,361.1000061035156,3046500
2024-01-17,359.010009765625,359.2900085449219,2550300
2024-01-18,359.25,362.3800048828125,3007800
2024-01-19,362.25,366.989990234375,4063700
2024-01-22,368.04998779296875,368.05999755859375,3552500
2024-01-23,368.0199890136719,372.1400146484375,2896300
2024-01-24,372.5299987792969,376.5899963378906,4589300
2024-01-25,379.239990234375,380.8500061035156,4055800
2024-01-26,381.04998779296875,385.3999938964844,3621400
2024-01-29,385.489990234375,383.17999267578125,3797400
2024-01-30,383.239990234375,387.1499938964844,3090900
2024-01-31,386.5299987792969,383.739990234375,3856400
2024-02-01,384.0,386.44000244140625,2947100
2024-02-02,386.67999267578125,390.75,3806800
2024-02-05,389.95001220703125,390.760009765625,3651900
2024-02-06,390.2900085449219,393.739990234375,2573400
2024-02-07,394.6000061035156,397.6600036621094,3426800
2024-02-08,397.2200012207031,397.489990234375,3357700
2024-02-09,397.30999755859375,398.3599853515625,2509800
2024-02-12,398.6499938964844,397.7099914550781,2817900
2024-02-13,397.17999267578125,394.79998779296875,3458500
2024-02-14,395.1499938964844,398.67999267578125,2669200
2024-02-15,399.1400146484375,403.45001220703125,3076000
2024-02-16,404.44000244140625,405.989990234375,3532200
2024-02-20,406.4700012207031,407.1499938964844,3530700
2024-02-21,408.260009765625,409.25,2717600
2024-02-22,411.29998779296875,415.1600036621094,3687600
2024-02-23,417.67999267578125,417.2200012207031,4015600
2024-02-26,422.0,409.1400146484375,7432300
2024-02-27,409.2099914550781,408.9100036621094,4609100
2024-02-28,408.5,412.1400146484375,4067400
2024-02-29,413.1000061035156,409.3999938964844,4845200
2024-03-01,409.4800109863281,407.1099853515625,3282100
2024-03-04,405.0,403.3900146484375,4179400
2024-03-05,402.54998779296875,400.739990234375,4711700
2024-03-06,402.17999267578125,403.9599914550781,3839100
2024-03-07,406.1099853515625,402.3900146484375,4181300
2024-03-08,401.0799865722656,403.1499938964844,3410600
2024-03-11,403.29998779296875,404.760009765625,2431700
2024-03-12,406.7799987792969,404.9800109863281,2616700
2024-03-13,405.29998779296875,408.1300048828125,3584600
2024-03-14,409.0799865722656,406.7300109863281,3734700
2024-03-15,404.2699890136719,408.1300048828125,7548800
2024-03-18,408.70001220703125,408.4100036621094,3775700
2024-03-19,409.0799865722656,411.760009765625,2795800
2024-03-20,412.0199890136719,416.1099853515625,2932900
2024-03-21,416.70001220703125,413.7799987792969,3401600
2024-03-22,413.0,411.6000061035156,2999600
2024-03-25,410.6700134277344,409.9200134277344,2804200
2024-03-26,410.0,411.57000732421875,2935100
2024-03-27,413.6499938964844,416.92999267578125,2926000
2024-03-28,417.79998779296875,420.5199890136719,4377400
2024-04-01,421.489990234375,420.20001220703125,2716100
2024-04-02,419.75,418.9200134277344,3174900
2024-04-03,419.0,420.239990234375,2740800
2024-04-04,423.8399963378906,415.32000732421875,3800600
2024-04-05,416.55999755859375,418.6199951171875,2738300
2024-04-08,418.32000732421875,415.9700012207031,2485700
2024-04-09,416.5799865722656,414.69000244140625,2233100
2024-04-10,412.739990234375,409.1099853515625,3121300
2024-04-11,408.3999938964844,407.6099853515625,2889900
2024-04-12,405.0,403.260009765625,3467300
2024-04-15,406.989990234375,400.260009765625,3002300
2024-04-16,400.9700012207031,396.9200134277344,3435500
2024-04-17,398.94000244140625,397.739990234375,2465600
2024-04-18,399.70001220703125,399.8900146484375,2669500
2024-04-19,401.0400085449219,405.0799865722656,3996100
2024-04-22,406.8399963378906,408.7799987792969,2980600
2024-04-23,410.25,408.739990234375,2287600
2024-04-24,407.1000061035156,405.95001220703125,2506900
2024-04-25,404.8500061035156,404.9100036621094,2670200
2024-04-26,403.9200134277344,402.1000061035156,3023100
2024-04-29,402.6600036621094,400.9599914550781,2363600
2024-04-30,400.5799865722656,396.7300109863281,3070500
2024-05-01,396.6099853515625,398.5799865722656,2605000
2024-05-02,401.0,400.6000061035156,2672200
2024-05-03,404.5,400.8699951171875,4119100
2024-05-06,403.9599914550781,404.9200134277344,3918900
2024-05-07,406.92999267578125,406.1400146484375,3084200
2024-05-08,406.4700012207031,406.3699951171875,2398100
2024-05-09,406.25,408.82000732421875,2356600
2024-05-10,409.8500061035156,412.04998779296875,3084500
2024-05-13,414.05999755859375,411.2200012207031,2710300
2024-05-14,410.45001220703125,410.239990234375,2672400
2024-05-15,410.510009765625,412.760009765625,2854600
2024-05-16,413.79998779296875,413.1199951171875,3549700
2024-05-17,413.9800109863281,416.94000244140625,2988700
2024-05-20,417.0400085449219,413.0,3287900
2024-05-21,413.5899963378906,414.3699951171875,2731900
2024-05-22,414.95001220703125,413.989990234375,2664400
2024-05-23,413.25,405.8800048828125,3392300
2024-05-24,406.8999938964844,407.4100036621094,2067700
2024-05-28,408.239990234375,403.8999938964844,3315400
2024-05-29,403.0,404.0899963378906,3426800
2024-05-30,403.7699890136719,408.6099853515625,2905300
2024-05-31,408.0899963378906,414.3999938964844,5190000
2024-06-03,414.8900146484375,414.7900085449219,4903000
2024-06-04,414.8500061035156,409.5299987792969,4154800
2024-06-05,410.1000061035156,409.8500061035156,2634400
2024-06-06,410.4200134277344,411.0799865722656,3438900
2024-06-07,411.2799987792969,413.7200012207031,2942100
2024-06-10,413.3399963378906,410.80999755859375,2667300
2024-06-11,408.8800048828125,408.5,3605900
2024-06-12,411.0899963378906,408.7699890136719,3551900
2024-06-13,407.6300048828125,405.9200134277344,4563300
2024-06-14,404.8999938964844,405.5400085449219,2768600
2024-06-17,405.17999267578125,407.32000732421875,3406500
2024-06-18,406.75,407.95001220703125,4005300
2024-06-20,407.25,409.1499938964844,4844700
2024-06-21,409.82000732421875,409.6199951171875,9009400
2024-06-24,410.70001220703125,413.9800109863281,4933300
2024-06-25,414.0,410.9700012207031,3879800
2024-06-26,410.0199890136719,410.260009765625,3334300
2024-06-27,410.260009765625,407.95001220703125,3218600
2024-06-28,408.25,406.79998779296875,6819800
2024-07-01,408.0899963378906,405.19000244140625,2974100
2024-07-02,404.0199890136719,407.1000061035156,3220900
2024-07-03,407.1600036621094,405.7699890136719,1970300
2024-07-05,406.239990234375,411.1700134277344,5149200
2024-07-08,411.2699890136719,409.0799865722656,3559500
2024-07-09,409.4200134277344,410.5199890136719,2989700
2024-07-10,410.80999755859375,413.7900085449219,3791800
2024-07-11,413.989990234375,418.7799987792969,4065200
2024-07-12,420.2300109863281,424.44000244140625,4834600
2024-07-15,425.5899963378906,434.4200134277344,4594900
2024-07-16,437.3999938964844,438.8999938964844,4293700
2024-07-17,437.8500061035156,445.6099853515625,4776600
2024-07-18,445.6199951171875,441.82000732421875,4638300
2024-07-19,442.6700134277344,434.4700012207031,4158800
2024-07-22,435.04998779296875,435.9800109863281,2995700
2024-07-23,437.3399963378906,434.010009765625,2393000
2024-07-24,433.989990234375,432.79998779296875,3143700
2024-07-25,431.6000061035156,433.2900085449219,3334300
2024-07-26,435.6600036621094,437.6600036621094,2717600
2024-07-29,438.010009765625,438.30999755859375,2620000
2024-07-30,439.510009765625,441.260009765625,3736400
2024-07-31,439.8500061035156,438.5,3798800
2024-08-01,439.6700134277344,431.80999755859375,3892300
2024-08-02,429.7699890136719,428.3599853515625,4251500
2024-08-05,413.42999267578125,413.7200012207031,7695100
2024-08-06,416.4100036621094,422.1400146484375,5138700
2024-08-07,426.07000732421875,427.0199890136719,4745600
2024-08-08,429.239990234375,431.5400085449219,3150000
2024-08-09,431.9200134277344,431.6700134277344,2602600
2024-08-12,434.1600036621094,430.3900146484375,2376000
2024-08-13,431.8299865722656,432.4100036621094,3472000
2024-08-14,433.0,438.4700012207031,2860200
2024-08-15,441.79998779296875,440.8399963378906,3226400
2024-08-16,441.54998779296875,444.510009765625,3345000
2024-08-19,446.010009765625,448.7699890136719,3385300
2024-08-20,449.29998779296875,448.3599853515625,2906500
2024-08-21,449.8399963378906,446.6000061035156,3028500
2024-08-22,446.29998779296875,449.0299987792969,3502800
2024-08-23,450.0,453.3800048828125,2805400
2024-08-26,455.30999755859375,454.489990234375,3575800
2024-08-27,455.94000244140625,460.6300048828125,3764700
2024-08-28,461.1700134277344,464.5899963378906,4838100
2024-08-29,467.1099853515625,468.3699951171875,4459400
2024-08-30,470.5199890136719,475.9200134277344,7465800
2024-09-03,475.0,476.8299865722656,7511900
2024-09-04,478.67999267578125,478.57000732421875,5309400
2024-09-05,479.42999267578125,464.9200134277344,6213200
2024-09-06,463.82000732421875,459.4200134277344,4400300
2024-09-09,463.9700012207031,459.6099853515625,4571000
2024-09-10,461.82000732421875,458.9200134277344,3544100
2024-09-11,457.6199951171875,453.1000061035156,5772700
2024-09-12,454.8399963378906,450.8699951171875,3855700
2024-09-13,451.5799865722656,447.6099853515625,3882600
2024-09-16,448.79998779296875,451.7799987792969,3264400
2024-09-17,453.5,456.67999267578125,3824300
2024-09-18,458.0799865722656,456.6000061035156,3065200
2024-09-19,462.0,459.7099914550781,3891300
2024-09-20,457.760009765625,455.30999755859375,8468800
2024-09-23,457.30999755859375,454.9800109863281,3485100
2024-09-24,454.3299865722656,454.55999755859375,3009900
2024-09-25,454.8999938964844,452.3599853515625,2843300
2024-09-26,452.739990234375,454.17999267578125,3262000
2024-09-27,456.0400085449219,457.4700012207031,2728000
2024-09-30,458.3999938964844,460.260009765625,3631100
2024-10-01,459.1099853515625,457.4100036621094,3043700
2024-10-02,458.70001220703125,456.6700134277344,2803400
2024-10-03,455.4700012207031,452.9599914550781,2564700
2024-10-04,455.010009765625,461.9700012207031,3090200
2024-10-07,462.3399963378906,453.5,3222100
2024-10-08,455.9599914550781,453.79998779296875,2234100
2024-10-09,452.75,455.8999938964844,2206100
2024-10-10,457.5,454.92999267578125,2375800
2024-10-11,455.8999938964844,460.2099914550781,3242000
2024-10-14,461.9200134277344,459.9800109863281,2969800
2024-10-15,460.989990234375,462.67999267578125,3929900
2024-10-16,463.25,465.69000244140625,3166300
2024-10-17,466.1000061035156,465.8500061035156,2520900
2024-10-18,467.0,464.79998779296875,5635500
2024-10-21,464.5299987792969,464.1600036621094,3131500
2024-10-22,464.1099853515625,461.45001220703125,3315200
2024-10-23,460.1499938964844,460.6099853515625,3655200
2024-10-24,460.8999938964844,457.7699890136719,3793500
2024-10-25,458.6000061035156,454.010009765625,2838900
2024-10-28,455.5899963378906,458.489990234375,4103400
2024-10-29,458.6000061035156,454.6199951171875,3985200
2024-10-30,454.6700134277344,454.9599914550781,2692100
2024-10-31,455.19000244140625,450.9200134277344,3660300
2024-11-01,451.489990234375,452.1400146484375,2971300
2024-11-04,450.3699951171875,442.2900085449219,5733200
2024-11-05,442.2900085449219,445.05999755859375,3154400
2024-11-06,461.0,468.8999938964844,6906800
2024-11-07,468.2699890136719,460.1300048828125,4238000
2024-11-08,461.9800109863281,463.4100036621094,3541300
2024-11-11,466.010009765625,467.3599853515625,4119100
2024-11-12,467.69000244140625,466.2900085449219,4400500
2024-11-13,466.4100036621094,468.1000061035156,2861700
2024-11-14,468.80999755859375,467.70001220703125,3777300
2024-11-15,466.739990234375,470.2799987792969,5817700
2024-11-18,470.9800109863281,472.20001220703125,3358400
2024-11-19,470.7699890136719,468.8599853515625,3656200
2024-11-20,470.0,468.8299865722656,3019500
2024-11-21,469.45001220703125,472.05999755859375,4116800
2024-11-22,472.2699890136719,476.57000732421875,3885200
2024-11-25,479.1300048828125,477.42999267578125,5246600
2024-11-26,478.20001220703125,478.55999755859375,3332000
2024-11-27,481.0,483.0799865722656,5359300
2024-11-29,485.3699951171875,483.0199890136719,2969700
2024-12-02,484.79998779296875,477.3299865722656,5031500
2024-12-03,478.1600036621094,470.19000244140625,4931600
2024-12-04,471.0899963378906,468.32000732421875,3941100
2024-12-05,468.7799987792969,470.57000732421875,3320200
2024-12-06,470.5799865722656,470.5,3270900
2024-12-09,470.6000061035156,463.8699951171875,3748200
2024-12-10,464.4200134277344,462.489990234375,3648500
2024-12-11,463.3299865722656,461.3900146484375,3876900
2024-12-12,462.1600036621094,458.6300048828125,2571300
2024-12-13,460.510009765625,457.8999938964844,3474300
2024-12-16,459.1700134277344,455.20001220703125,4514000
2024-12-17,454.70001220703125,455.6600036621094,5057500
2024-12-18,457.05999755859375,446.5899963378906,4361900
2024-12-19,451.7300109863281,449.3399963378906,4645200
2024-12-20,449.1099853515625,453.20001220703125,12943900
2024-12-23,453.19000244140625,454.3500061035156,3836000
2024-12-24,455.4100036621094,458.6600036621094,1761200
2024-12-26,457.2699890136719,459.0799865722656,2159600
2024-12-27,457.29998779296875,456.510009765625,3237700
2024-12-30,454.25,452.1600036621094,2831400
2024-12-31,452.2099914550781,453.2799987792969,3380700
